path_index,path_score,incident_severity,is_best,rank
0,0.5400180220603943,-0.23904602229595184,False,3
1,0.5387064814567566,-0.24022984504699707,True,1
2,0.5397698879241943,-0.2390695959329605,False,2
